INSERT INTO AREA(area_id, Area)values(1,'Compras');

INSERT INTO SUBAREA(subarea_id, SUB_AREA, area_id) values (1, 'Nacionales', 1);
INSERT INTO SUBAREA(subarea_id, SUB_AREA, area_id) values (2, 'Internacionales', 1);
INSERT INTO SUBAREA(subarea_id, SUB_AREA, area_id) values (3, 'Maderas', 1);

INSERT INTO USUARIO(USER_ID, NOMBRE_USUARIO, PASSWORD, NOMBRE, APELLIDO_PATERNO, APELLIDO_MATERNO, STATUS, FECHA_CRACION, EMAIL) VALUES (1, 'ysalinas', '$2a$10$tI3vMKw5UVx8lXRINhBT3eSQNv2KLvwnQ5IvRUcXHalypfSnNbpZm', 'Yael', 'Salinas', 'Alcantara', true, TO_DATE('20/09/2021','DD/MM/YYYY'), 'ysalinas@trudmin.com');
INSERT INTO USUARIO(USER_ID, NOMBRE_USUARIO, PASSWORD, NOMBRE, APELLIDO_PATERNO, APELLIDO_MATERNO, STATUS, FECHA_CRACION, EMAIL) VALUES (2, 'mjuarez', '$2a$10$tI3vMKw5UVx8lXRINhBT3eSQNv2KLvwnQ5IvRUcXHalypfSnNbpZm', 'Miguel', 'Juarez', null, true, TO_DATE('20/09/2021','DD/MM/YYYY'), 'mjuarez@trudmin.com');
INSERT INTO USUARIO(USER_ID, NOMBRE_USUARIO, PASSWORD, NOMBRE, APELLIDO_PATERNO, APELLIDO_MATERNO, STATUS, FECHA_CRACION, EMAIL) VALUES (3, 'chuitron', '$2a$10$UJN0qKdVJnDWrEWSWlv27uYvsimKe.81IUVcI6NxA9dx1FmDZ.tpi', 'Cristina', 'Huitron', null, true, TO_DATE('20/09/2021','DD/MM/YYYY'), 'chuitron@trudmin.com');
INSERT INTO USUARIO(USER_ID, NOMBRE_USUARIO, PASSWORD, NOMBRE, APELLIDO_PATERNO, APELLIDO_MATERNO, STATUS, FECHA_CRACION, EMAIL) VALUES (4, 'ereyes', '$2a$10$q.Ln7Np8KOab0A4zrqpxfOb8GWaYagP.KdEUSYJGmvNAupUb21Fny', 'Esmeralda', 'Reyes', 'Sanchez', true, TO_DATE('20/09/2021','DD/MM/YYYY'), 'ereyes@trudmin.com');
INSERT INTO USUARIO(USER_ID, NOMBRE_USUARIO, PASSWORD, NOMBRE, APELLIDO_PATERNO, APELLIDO_MATERNO, STATUS, FECHA_CRACION, EMAIL) VALUES (5, 'mgarcia', '$2a$10$wouqDwFmc.dTLKEf1XBRfe8Xq7QgyhT09mmBFzZvdG8bbzBSF6TV2', 'Meliton', 'Garcia', null, true, TO_DATE('20/09/2021','DD/MM/YYYY'), 'mgarcia@trudmin.com');
INSERT INTO USUARIO(USER_ID, NOMBRE_USUARIO, PASSWORD, NOMBRE, APELLIDO_PATERNO, APELLIDO_MATERNO, STATUS, FECHA_CRACION, EMAIL) VALUES (6, 'lgonzales', '$2a$10$h1ixDJOJzLfQIjb2UMt0euOCc32HLQ.vjyH81NZY4gSxgB6zpsqa.', 'Leticia', 'Gonzales', 'R', true, TO_DATE('20/09/2021','DD/MM/YYYY'), 'lgonzales@trudmin.com');
INSERT INTO USUARIO(USER_ID, NOMBRE_USUARIO, PASSWORD, NOMBRE, APELLIDO_PATERNO, APELLIDO_MATERNO, STATUS, FECHA_CRACION, EMAIL) VALUES (7, 'iperez', '$2a$10$DL5pVAf1cTzq1o1m9ef5buq/NHb67Hy/jy4ACdIwknzMsvupMwptW', 'Ivan', 'Perez', 'Quezada', true, TO_DATE('20/09/2021','DD/MM/YYYY'), 'iperez@trudmin.com');
INSERT INTO USUARIO(USER_ID, NOMBRE_USUARIO, PASSWORD, NOMBRE, APELLIDO_PATERNO, APELLIDO_MATERNO, STATUS, FECHA_CRACION, EMAIL) VALUES (8, 'afranco', '$2a$10$PuVz.svP/Z4GpD7gR0O5vubUzcXVD9nZLlmwg5J3URsaE8GYSEAXS', 'Adriana', 'Franco', 'Paredes', false, TO_DATE('20/09/2021','DD/MM/YYYY'), 'afranco@trudmin.com');
INSERT INTO USUARIO(USER_ID, NOMBRE_USUARIO, PASSWORD, NOMBRE, APELLIDO_PATERNO, APELLIDO_MATERNO, STATUS, FECHA_CRACION, EMAIL) VALUES (9, 'lcadena', '$2a$10$yBhmR8zFHm28R4NjOhUNXuB1r5XzUPUtER924MmsivtaRp6ZL58ZC', 'Lucero', 'Cadena', null, true, TO_DATE('20/09/2021','DD/MM/YYYY'), 'lcadena@trudmin.com');
INSERT INTO USUARIO(USER_ID, NOMBRE_USUARIO, PASSWORD, NOMBRE, APELLIDO_PATERNO, APELLIDO_MATERNO, STATUS, FECHA_CRACION, EMAIL) VALUES (10, 'agalvan', '$2a$10$w.zntTWHg6Equ93vMTHs6.XrSRIkTA4SPda8Lp5BmX/iuOXX.T29q', 'Adalberto', 'Galvan', 'Cruz', true, TO_DATE('20/09/2021','DD/MM/YYYY'), 'agalvan@trudmin.com');

Insert into ROL (NOMBRE_ROL) values ('ROLE_USER');
Insert into ROL (NOMBRE_ROL) values ('ROLE_ADMIN');

Insert into USUARIOS_ROLES(USUARIO_ID, ROL_ID) values (1,2);
Insert into USUARIOS_ROLES(USUARIO_ID, ROL_ID) values (2,2);
Insert into USUARIOS_ROLES(USUARIO_ID, ROL_ID) values (3,1);
Insert into USUARIOS_ROLES(USUARIO_ID, ROL_ID) values (4,1);
Insert into USUARIOS_ROLES(USUARIO_ID, ROL_ID) values (5,1);
Insert into USUARIOS_ROLES(USUARIO_ID, ROL_ID) values (6,1);
Insert into USUARIOS_ROLES(USUARIO_ID, ROL_ID) values (7,1);
Insert into USUARIOS_ROLES(USUARIO_ID, ROL_ID) values (8,1);
Insert into USUARIOS_ROLES(USUARIO_ID, ROL_ID) values (9,1);
Insert into USUARIOS_ROLES(USUARIO_ID, ROL_ID) values (10,1);

INSERT INTO PUESTO(puesto_id, puesto)VALUES(1, 'Admin');
INSERT INTO PUESTO(puesto_id, puesto)VALUES(2, 'Gerente');
INSERT INTO PUESTO(puesto_id, puesto)VALUES(3, 'Sub Gerente');
INSERT INTO PUESTO(puesto_id, puesto)VALUES(4, 'Comprador');


INSERT INTO EMPLEADO (USER_ID, SUBAREA_ID, PUESTO_ID, FECHA_INICIO, FECHA_FIN, EMPLEADO_ID, CLAVE) 
VALUES (1, 1, 1, TO_DATE('14/02/2020','DD/MM/YYYY'), NULL, 1, 'G00');

INSERT INTO EMPLEADO (USER_ID, SUBAREA_ID, PUESTO_ID, FECHA_INICIO, FECHA_FIN, EMPLEADO_ID, CLAVE) 
VALUES (3, 1, 4, TO_DATE('30/04/2018','DD/MM/YYYY'), NULL, 2, 'C02');


INSERT INTO SERVICIO (ID_SERVICIO, AHORRO, ANIO, CAPTURA_TIEMPO, CRITERIO, DIASOC, DIASSP, DISCRECIONAL, MES, PERIODO, TOTAL, TOTAL_OC, TOTAL_SOL_PED, EMPLEADO_ID) 
VALUES(1, 1, 2021, 1, 0, 2, 0, 0, 'MAYO', '05-2021', 6, 90, 90, 1);

INSERT INTO SERVICIO (ID_SERVICIO, AHORRO, ANIO, CAPTURA_TIEMPO, CRITERIO, DIASOC, DIASSP, DISCRECIONAL, MES,    PERIODO,   TOTAL, TOTAL_OC, TOTAL_SOL_PED, EMPLEADO_ID) 
VALUES (2, 1, 2021, 1, 0, 2, 0, 0, 'JUNIO', '06-2021', 6, 70, 75, 1);

INSERT INTO SERVICIO (ID_SERVICIO, AHORRO, ANIO, CAPTURA_TIEMPO, CRITERIO, DIASOC, DIASSP, DISCRECIONAL, MES,    PERIODO,   TOTAL, TOTAL_OC, TOTAL_SOL_PED, EMPLEADO_ID) 
VALUES (3, 1, 2021, 1, 0, 2, 0, 0, 'JULIO', '07-2021', 6, 100, 80, 1);


INSERT INTO SERVICIO (ID_SERVICIO, AHORRO, ANIO, CAPTURA_TIEMPO, CRITERIO, DIASOC, DIASSP, DISCRECIONAL, MES, PERIODO, TOTAL, TOTAL_OC, TOTAL_SOL_PED, EMPLEADO_ID) 
VALUES(4, 1, 2021, 1, 0, 2, 0, 0, 'MAYO', '05-2021', 6, 100, 100, 2);

INSERT INTO SERVICIO (ID_SERVICIO, AHORRO, ANIO, CAPTURA_TIEMPO, CRITERIO, DIASOC, DIASSP, DISCRECIONAL, MES,    PERIODO,   TOTAL, TOTAL_OC, TOTAL_SOL_PED, EMPLEADO_ID) 
VALUES (5, 1, 2021, 1, 0, 2, 0, 0, 'JUNIO', '06-2021', 6, 90, 95, 2);

INSERT INTO SERVICIO (ID_SERVICIO, AHORRO, ANIO, CAPTURA_TIEMPO, CRITERIO, DIASOC, DIASSP, DISCRECIONAL, MES,    PERIODO,   TOTAL, TOTAL_OC, TOTAL_SOL_PED, EMPLEADO_ID) 
VALUES (6, 1, 2021, 1, 0, 2, 0, 0, 'JULIO', '07-2021', 6, 80, 95, 2);